game_pk,temperature,Park
718773.0,61.0,Great American Ball Park
718774.0,76.0,loanDepot park
718781.0,39.0,Yankee Stadium
718769.0,52.0,Oakland Coliseum
718778.0,56.0,Petco Park
718772.0,70.0,Busch Stadium
718777.0,42.0,Wrigley Field
718770.0,54.0,Dodger Stadium
718776.0,72.0,Tropicana Field
718767.0,54.0,T-Mobile Park
718768.0,73.0,Minute Maid Park
718780.0,45.0,Nationals Park
718775.0,67.0,Kauffman Stadium
718782.0,38.0,Fenway Park
718779.0,69.0,Globe Life Field
718668.0,53.0,Citizens Bank Park
718659.0,44.0,Truist Park
718664.0,51.0,Oriole Park at Camden Yards
718660.0,65.0,American Family Field
718669.0,57.0,Wrigley Field
718663.0,45.0,Progressive Field
718661.0,52.0,Citi Field
718665.0,72.0,Tropicana Field
718658.0,65.0,Coors Field
718662.0,51.0,PNC Park
718657.0,63.0,Angel Stadium
718656.0,81.0,Chase Field
718666.0,56.0,Target Field
718672.0,59.0,Oracle Park
718667.0,50.0,Comerica Park
717465.0,85.0,Nationals Park
717455.0,72.0,Guaranteed Rate Field
717464.0,80.0,Yankee Stadium
717466.0,72.0,loanDepot park
717463.0,75.0,Progressive Field
717454.0,67.0,Petco Park
717452.0,74.0,Chase Field
717458.0,73.0,Target Field
717457.0,79.0,Comerica Park
717459.0,77.0,American Family Field
717453.0,73.0,Minute Maid Park
717460.0,72.0,Tropicana Field
717461.0,82.0,Fenway Park
717448.0,60.0,Oracle Park
717456.0,69.0,Dodger Stadium
717436.0,65.0,Petco Park
717440.0,73.0,Minute Maid Park
717441.0,72.0,Tropicana Field
717447.0,83.0,Yankee Stadium
717439.0,76.0,Chase Field
717442.0,69.0,Comerica Park
717445.0,65.0,Guaranteed Rate Field
717443.0,72.0,Progressive Field
717449.0,78.0,Fenway Park
717438.0,72.0,loanDepot park
717444.0,75.0,American Family Field
717446.0,76.0,Target Field
717450.0,87.0,Nationals Park
717437.0,73.0,Dodger Stadium
717451.0,62.0,Oracle Park
717422.0,60.0,Oracle Park
717433.0,79.0,Yankee Stadium
717423.0,70.0,Petco Park
717428.0,80.0,Target Field
717427.0,75.0,American Family Field
717430.0,73.0,Minute Maid Park
717425.0,77.0,Chase Field
717426.0,72.0,loanDepot park
717432.0,83.0,Nationals Park
717434.0,73.0,Progressive Field
717424.0,80.0,Guaranteed Rate Field
717431.0,74.0,Comerica Park
717435.0,80.0,Fenway Park
717429.0,72.0,Tropicana Field
717413.0,82.0,Citi Field
717412.0,91.0,Great American Ball Park
717417.0,81.0,Oriole Park at Camden Yards
717420.0,73.0,Rogers Centre
717414.0,86.0,Truist Park
717418.0,87.0,Citizens Bank Park
717405.0,85.0,Angel Stadium
717419.0,86.0,Wrigley Field
717406.0,80.0,T-Mobile Park
717416.0,85.0,PNC Park
717415.0,74.0,Globe Life Field
717410.0,82.0,Coors Field
717409.0,71.0,Oakland Coliseum
717407.0,91.0,Busch Stadium
717398.0,86.0,PNC Park
717399.0,80.0,Oakland Coliseum
717400.0,79.0,Citi Field
717389.0,77.0,Angel Stadium
717408.0,90.0,Citizens Bank Park
717395.0,86.0,Truist Park
717390.0,84.0,T-Mobile Park
717404.0,68.0,Rogers Centre
717397.0,86.0,Citizens Bank Park
717411.0,86.0,Kauffman Stadium
717392.0,75.0,Great American Ball Park
717402.0,74.0,Globe Life Field
717394.0,85.0,Coors Field
717403.0,83.0,Wrigley Field
717396.0,77.0,Busch Stadium
717401.0,90.0,Oriole Park at Camden Yards
717393.0,88.0,Kauffman Stadium
717378.0,86.0,Coors Field
717387.0,77.0,Citizens Bank Park
717384.0,81.0,Oriole Park at Camden Yards
717391.0,88.0,Truist Park
717377.0,74.0,Globe Life Field
717385.0,79.0,Citi Field
717383.0,83.0,Great American Ball Park
717380.0,89.0,Busch Stadium
717382.0,70.0,Kauffman Stadium
717379.0,79.0,Oakland Coliseum
717381.0,83.0,Angel Stadium
717376.0,81.0,Wrigley Field
717386.0,73.0,Rogers Centre
717373.0,76.0,T-Mobile Park
717388.0,79.0,PNC Park
718648.0,63.0,Truist Park
718655.0,72.0,Tropicana Field
718652.0,58.0,Citizens Bank Park
718650.0,63.0,American Family Field
718653.0,56.0,PNC Park
718642.0,63.0,Wrigley Field
718644.0,72.0,Angel Stadium
718649.0,62.0,Target Field
718639.0,86.0,Chase Field
718646.0,52.0,Progressive Field
718651.0,55.0,Oriole Park at Camden Yards
718645.0,63.0,Coors Field
718643.0,65.0,Oracle Park
718647.0,49.0,Citi Field
718654.0,55.0,Comerica Park
717369.0,79.0,Angel Stadium
717370.0,72.0,Wrigley Field
717365.0,70.0,T-Mobile Park
717375.0,85.0,Great American Ball Park
717366.0,67.0,Oakland Coliseum
717367.0,74.0,Globe Life Field
717372.0,89.0,Oriole Park at Camden Yards
717374.0,80.0,Busch Stadium
717368.0,84.0,Kauffman Stadium
717371.0,67.0,PNC Park
717362.0,73.0,Rogers Centre
717352.0,82.0,Angel Stadium
717364.0,80.0,PNC Park
717359.0,80.0,Citi Field
717355.0,88.0,Coors Field
717353.0,73.0,Wrigley Field
717363.0,89.0,Citizens Bank Park
717354.0,74.0,Globe Life Field
717357.0,81.0,Busch Stadium
717361.0,87.0,Oriole Park at Camden Yards
717350.0,77.0,T-Mobile Park
717349.0,63.0,Oakland Coliseum
717358.0,90.0,Truist Park
717356.0,76.0,Kauffman Stadium
717360.0,78.0,Great American Ball Park
717341.0,79.0,Citi Field
717338.0,68.0,Rogers Centre
717335.0,83.0,T-Mobile Park
717340.0,85.0,Truist Park
717351.0,85.0,Busch Stadium
717336.0,77.0,Wrigley Field
717348.0,75.0,PNC Park
717342.0,82.0,Great American Ball Park
717345.0,90.0,Coors Field
717343.0,85.0,Oriole Park at Camden Yards
717344.0,69.0,Oakland Coliseum
717333.0,83.0,Kauffman Stadium
717339.0,89.0,Angel Stadium
717347.0,82.0,Citizens Bank Park
717346.0,74.0,Globe Life Field
717334.0,85.0,Great American Ball Park
717331.0,75.0,Rogers Centre
717329.0,84.0,Citizens Bank Park
717337.0,90.0,Truist Park
717322.0,80.0,Wrigley Field
717327.0,76.0,T-Mobile Park
717323.0,71.0,Oakland Coliseum
717328.0,72.0,Tropicana Field
717330.0,85.0,Citi Field
717332.0,86.0,Kauffman Stadium
717326.0,87.0,Nationals Park
717314.0,82.0,Target Field
717325.0,74.0,Wrigley Field
717317.0,80.0,Comerica Park
717313.0,79.0,American Family Field
717318.0,84.0,Yankee Stadium
717310.0,71.0,Oakland Coliseum
717315.0,75.0,Progressive Field
717320.0,72.0,Tropicana Field
717316.0,74.0,Globe Life Field
717321.0,82.0,Great American Ball Park
717312.0,79.0,Angel Stadium
717311.0,79.0,T-Mobile Park
717319.0,72.0,loanDepot park
717324.0,75.0,Fenway Park
717302.0,78.0,Progressive Field
717308.0,82.0,Wrigley Field
717297.0,79.0,Angel Stadium
717295.0,75.0,Oakland Coliseum
717304.0,79.0,Yankee Stadium
717293.0,77.0,Target Field
717309.0,74.0,Fenway Park
717301.0,74.0,T-Mobile Park
717306.0,72.0,loanDepot park
717300.0,72.0,Tropicana Field
717303.0,83.0,Great American Ball Park
717296.0,78.0,American Family Field
717307.0,84.0,Nationals Park
717305.0,72.0,Globe Life Field
717299.0,80.0,Comerica Park
717292.0,72.0,loanDepot park
717286.0,78.0,Wrigley Field
717287.0,80.0,American Family Field
717278.0,81.0,Angel Stadium
717285.0,82.0,Target Field
717294.0,84.0,Yankee Stadium
717284.0,74.0,Globe Life Field
717279.0,72.0,Oakland Coliseum
717288.0,80.0,Comerica Park
717281.0,77.0,T-Mobile Park
717290.0,87.0,Nationals Park
717291.0,72.0,Tropicana Field
717283.0,82.0,Progressive Field
717289.0,83.0,Great American Ball Park
717298.0,75.0,Fenway Park
717273.0,78.0,American Family Field
717275.0,83.0,Target Field
717274.0,73.0,Minute Maid Park
717277.0,79.0,Progressive Field
717280.0,85.0,Citizens Bank Park
717271.0,78.0,Dodger Stadium
717282.0,85.0,Nationals Park
717276.0,72.0,Petco Park
717268.0,78.0,Chase Field
718558.0,81.0,Comerica Park
717262.0,85.0,American Family Field
717256.0,83.0,Dodger Stadium
717267.0,72.0,Citizens Bank Park
717263.0,86.0,Guaranteed Rate Field
717258.0,75.0,Petco Park
717266.0,70.0,Yankee Stadium
717270.0,72.0,Tropicana Field
717272.0,67.0,Oracle Park
717264.0,90.0,Target Field
717259.0,78.0,Chase Field
717265.0,85.0,Comerica Park
717260.0,80.0,Progressive Field
717269.0,82.0,Nationals Park
717255.0,73.0,Minute Maid Park
717261.0,69.0,Fenway Park
717253.0,92.0,Dodger Stadium
717257.0,86.0,Nationals Park
717244.0,78.0,Chase Field
717240.0,88.0,Guaranteed Rate Field
717252.0,72.0,Tropicana Field
717250.0,83.0,Target Field
717248.0,82.0,Yankee Stadium
717242.0,85.0,Fenway Park
717239.0,73.0,Minute Maid Park
717245.0,89.0,Citizens Bank Park
717246.0,81.0,Petco Park
717254.0,80.0,American Family Field
717249.0,86.0,Progressive Field
717251.0,61.0,Oracle Park
718632.0,69.0,PNC Park
718634.0,55.0,Citi Field
718636.0,65.0,Truist Park
718637.0,56.0,Progressive Field
718640.0,66.0,Target Field
718641.0,55.0,Oracle Park
718627.0,94.0,Chase Field
718630.0,73.0,Globe Life Field
718628.0,67.0,Wrigley Field
718635.0,64.0,Oriole Park at Camden Yards
718629.0,75.0,Coors Field
718631.0,66.0,Angel Stadium
718638.0,72.0,Tropicana Field
718633.0,64.0,Citizens Bank Park
717243.0,78.0,Comerica Park
717241.0,90.0,Citi Field
717233.0,86.0,Guaranteed Rate Field
717247.0,84.0,Comerica Park
717238.0,99.0,Busch Stadium
717237.0,84.0,Oriole Park at Camden Yards
717234.0,90.0,PNC Park
717235.0,82.0,Rogers Centre
717224.0,73.0,Petco Park
717229.0,73.0,Minute Maid Park
717232.0,97.0,Kauffman Stadium
717230.0,87.0,Citi Field
717225.0,79.0,Dodger Stadium
717226.0,96.0,Busch Stadium
717236.0,72.0,loanDepot park
717223.0,78.0,Chase Field
717227.0,83.0,Coors Field
717231.0,80.0,Truist Park
717220.0,62.0,Oracle Park
717228.0,86.0,Guaranteed Rate Field
717212.0,87.0,Coors Field
717221.0,65.0,Oracle Park
717207.0,85.0,Kauffman Stadium
717216.0,79.0,PNC Park
717209.0,74.0,Petco Park
717219.0,82.0,Oriole Park at Camden Yards
717214.0,73.0,Minute Maid Park
717215.0,79.0,Citi Field
717222.0,68.0,Rogers Centre
717217.0,77.0,Guaranteed Rate Field
717205.0,82.0,Dodger Stadium
717213.0,78.0,Busch Stadium
717211.0,89.0,Truist Park
717210.0,78.0,Chase Field
717218.0,72.0,loanDepot park
717203.0,77.0,Citi Field
717193.0,78.0,Chase Field
717201.0,69.0,Rogers Centre
717191.0,77.0,Petco Park
717195.0,86.0,Busch Stadium
717202.0,72.0,loanDepot park
717194.0,82.0,Dodger Stadium
717198.0,87.0,Kauffman Stadium
717206.0,87.0,Truist Park
717204.0,79.0,Guaranteed Rate Field
717196.0,73.0,Minute Maid Park
717199.0,93.0,Coors Field
717200.0,83.0,Oriole Park at Camden Yards
717208.0,70.0,PNC Park
717197.0,65.0,Oracle Park
717186.0,76.0,Rogers Centre
717179.0,70.0,Coors Field
717181.0,74.0,T-Mobile Park
717189.0,72.0,loanDepot park
717184.0,73.0,Minute Maid Park
717192.0,84.0,Nationals Park
717190.0,62.0,Oracle Park
717187.0,89.0,Truist Park
717185.0,80.0,Yankee Stadium
717188.0,74.0,Wrigley Field
717176.0,89.0,Truist Park
717174.0,84.0,Busch Stadium
717182.0,72.0,loanDepot park
717173.0,84.0,Wrigley Field
717178.0,75.0,PNC Park
717177.0,68.0,Rogers Centre
717175.0,78.0,Yankee Stadium
717183.0,79.0,Nationals Park
717172.0,73.0,Minute Maid Park
717171.0,78.0,Dodger Stadium
717167.0,77.0,T-Mobile Park
717180.0,60.0,Oracle Park
717170.0,93.0,Kauffman Stadium
717169.0,70.0,Coors Field
717168.0,74.0,Globe Life Field
717164.0,61.0,Oracle Park
717161.0,77.0,T-Mobile Park
717155.0,81.0,Busch Stadium
717152.0,74.0,Globe Life Field
717156.0,83.0,Kauffman Stadium
717159.0,72.0,loanDepot park
717158.0,84.0,Coors Field
717157.0,74.0,Rogers Centre
717166.0,73.0,PNC Park
717160.0,78.0,Yankee Stadium
717163.0,73.0,Minute Maid Park
717162.0,81.0,Nationals Park
717153.0,81.0,Wrigley Field
717165.0,84.0,Truist Park
717154.0,78.0,Dodger Stadium
717149.0,74.0,Globe Life Field
717150.0,82.0,Rogers Centre
717142.0,74.0,Yankee Stadium
717147.0,72.0,loanDepot park
717148.0,81.0,Kauffman Stadium
717143.0,88.0,American Family Field
717137.0,75.0,Dodger Stadium
717145.0,83.0,Busch Stadium
717146.0,83.0,Wrigley Field
717151.0,62.0,Oracle Park
717144.0,79.0,Angel Stadium
717139.0,89.0,Great American Ball Park
717128.0,83.0,Target Field
717140.0,76.0,Citizens Bank Park
717130.0,82.0,Angel Stadium
717132.0,78.0,Progressive Field
717136.0,77.0,Fenway Park
717138.0,74.0,Yankee Stadium
717135.0,81.0,Comerica Park
717131.0,75.0,American Family Field
717133.0,74.0,Globe Life Field
717134.0,80.0,Oriole Park at Camden Yards
717129.0,72.0,Petco Park
717127.0,83.0,Busch Stadium
717141.0,82.0,Wrigley Field
717112.0,74.0,Petco Park
717116.0,75.0,American Family Field
717120.0,87.0,Great American Ball Park
717117.0,75.0,Oakland Coliseum
717119.0,84.0,Busch Stadium
717114.0,85.0,Oriole Park at Camden Yards
717121.0,73.0,Wrigley Field
717115.0,77.0,Progressive Field
717126.0,80.0,Yankee Stadium
717109.0,84.0,Angel Stadium
717124.0,74.0,Globe Life Field
717122.0,77.0,Comerica Park
717118.0,84.0,Target Field
717123.0,86.0,Citizens Bank Park
717125.0,80.0,Fenway Park
718614.0,63.0,Angel Stadium
718619.0,70.0,Citizens Bank Park
718618.0,76.0,Oriole Park at Camden Yards
718615.0,73.0,Globe Life Field
718616.0,78.0,Target Field
718611.0,93.0,Chase Field
718626.0,59.0,Progressive Field
718623.0,72.0,PNC Park
718625.0,72.0,Tropicana Field
718622.0,68.0,Rogers Centre
718621.0,69.0,Citi Field
718613.0,82.0,Coors Field
718624.0,56.0,Oracle Park
718620.0,71.0,Truist Park
718617.0,76.0,Wrigley Field
717098.0,68.0,Wrigley Field
717102.0,74.0,Globe Life Field
717105.0,74.0,American Family Field
717101.0,90.0,Angel Stadium
717106.0,74.0,Target Field
717108.0,81.0,Progressive Field
717111.0,80.0,Fenway Park
717093.0,74.0,Petco Park
717113.0,87.0,Citizens Bank Park
717104.0,84.0,Great American Ball Park
717103.0,74.0,Comerica Park
717107.0,88.0,Oriole Park at Camden Yards
717100.0,81.0,Oakland Coliseum
717099.0,83.0,Busch Stadium
717110.0,81.0,Yankee Stadium
717090.0,78.0,Angel Stadium
717088.0,74.0,Guaranteed Rate Field
717089.0,69.0,Fenway Park
717092.0,78.0,Citi Field
717091.0,72.0,Comerica Park
717086.0,74.0,American Family Field
717081.0,70.0,Oakland Coliseum
717087.0,70.0,Progressive Field
717097.0,75.0,Great American Ball Park
717094.0,76.0,Petco Park
717095.0,74.0,PNC Park
717075.0,78.0,Guaranteed Rate Field
717082.0,79.0,Citizens Bank Park
717076.0,82.0,Comerica Park
717068.0,77.0,Angel Stadium
717074.0,78.0,Progressive Field
717072.0,78.0,T-Mobile Park
717085.0,72.0,Tropicana Field
717077.0,78.0,Fenway Park
717080.0,77.0,Citi Field
717073.0,76.0,Chase Field
717096.0,81.0,Citizens Bank Park
717084.0,81.0,Oriole Park at Camden Yards
717079.0,81.0,PNC Park
717069.0,66.0,Oakland Coliseum
717083.0,81.0,Great American Ball Park
717078.0,82.0,American Family Field
717066.0,86.0,Citizens Bank Park
717065.0,82.0,American Family Field
717067.0,85.0,Oriole Park at Camden Yards
717070.0,81.0,Great American Ball Park
717059.0,79.0,Fenway Park
717071.0,74.0,Angel Stadium
717063.0,71.0,Oakland Coliseum
717062.0,84.0,Citi Field
717061.0,81.0,Comerica Park
717057.0,78.0,Chase Field
717060.0,80.0,Progressive Field
717055.0,75.0,T-Mobile Park
717054.0,76.0,Guaranteed Rate Field
717058.0,81.0,PNC Park
717064.0,72.0,Tropicana Field
717049.0,74.0,Citizens Bank Park
717048.0,72.0,Tropicana Field
717051.0,77.0,Fenway Park
717053.0,79.0,Oriole Park at Camden Yards
717050.0,80.0,Comerica Park
717052.0,75.0,Progressive Field
717056.0,73.0,PNC Park
717045.0,74.0,Dodger Stadium
717044.0,84.0,Citizens Bank Park
717036.0,83.0,Guaranteed Rate Field
717040.0,82.0,Citi Field
717043.0,82.0,Nationals Park
717034.0,75.0,T-Mobile Park
717035.0,78.0,Chase Field
717046.0,83.0,PNC Park
717037.0,73.0,Minute Maid Park
717042.0,80.0,Fenway Park
717032.0,73.0,Dodger Stadium
717041.0,73.0,Rogers Centre
717038.0,72.0,Tropicana Field
717031.0,64.0,Oracle Park
717047.0,72.0,loanDepot park
717039.0,93.0,Kauffman Stadium
717025.0,72.0,loanDepot park
718371.0,83.0,Citi Field
717021.0,79.0,Citi Field
717018.0,78.0,T-Mobile Park
717022.0,73.0,Minute Maid Park
717026.0,77.0,Rogers Centre
717030.0,87.0,Nationals Park
717020.0,78.0,Chase Field
717023.0,81.0,Guaranteed Rate Field
717019.0,90.0,Kauffman Stadium
717028.0,84.0,Citizens Bank Park
717029.0,67.0,Oracle Park
717017.0,77.0,Dodger Stadium
717033.0,80.0,Fenway Park
717024.0,72.0,Tropicana Field
717013.0,85.0,Citi Field
717008.0,72.0,Oracle Park
717006.0,75.0,Guaranteed Rate Field
717011.0,72.0,loanDepot park
717010.0,72.0,Tropicana Field
717016.0,88.0,Nationals Park
717014.0,82.0,Fenway Park
717009.0,86.0,Citizens Bank Park
717003.0,78.0,Chase Field
717015.0,79.0,PNC Park
717005.0,82.0,T-Mobile Park
717012.0,75.0,Rogers Centre
717007.0,83.0,Dodger Stadium
717004.0,73.0,Minute Maid Park
717027.0,82.0,PNC Park
716994.0,76.0,Kauffman Stadium
717002.0,81.0,Citi Field
716997.0,74.0,Globe Life Field
716995.0,79.0,Busch Stadium
716996.0,69.0,Petco Park
717000.0,72.0,loanDepot park
716998.0,79.0,Coors Field
716999.0,68.0,Oracle Park
717001.0,91.0,Truist Park
716985.0,74.0,Globe Life Field
716990.0,68.0,Rogers Centre
716992.0,72.0,Great American Ball Park
716984.0,74.0,Busch Stadium
716986.0,71.0,Wrigley Field
716991.0,72.0,loanDepot park
716987.0,80.0,Truist Park
716988.0,78.0,Citi Field
716981.0,76.0,Kauffman Stadium
716983.0,78.0,Target Field
716993.0,81.0,Nationals Park
716980.0,73.0,Petco Park
716978.0,90.0,Coors Field
716989.0,67.0,Oracle Park
716979.0,77.0,Dodger Stadium
718605.0,76.0,Target Field
718599.0,84.0,Oriole Park at Camden Yards
718595.0,75.0,Globe Life Field
718603.0,61.0,Rogers Centre
718601.0,75.0,Truist Park
718610.0,77.0,Citi Field
718612.0,55.0,Oracle Park
718606.0,77.0,Wrigley Field
718609.0,84.0,Citizens Bank Park
718608.0,77.0,PNC Park
718602.0,65.0,Angel Stadium
718607.0,85.0,Coors Field
718600.0,72.0,Tropicana Field
718598.0,72.0,Chase Field
718604.0,70.0,Progressive Field
716971.0,74.0,Globe Life Field
716968.0,75.0,Wrigley Field
716963.0,82.0,Kauffman Stadium
716973.0,79.0,Great American Ball Park
716974.0,78.0,Citi Field
716970.0,82.0,Truist Park
716965.0,76.0,Petco Park
716972.0,72.0,loanDepot park
716977.0,95.0,Coors Field
716982.0,83.0,Nationals Park
716967.0,79.0,Rogers Centre
716969.0,83.0,Busch Stadium
716975.0,71.0,Oracle Park
716976.0,81.0,Target Field
716962.0,78.0,Dodger Stadium
716957.0,71.0,Petco Park
716961.0,74.0,Dodger Stadium
716958.0,84.0,Busch Stadium
716966.0,90.0,Nationals Park
716964.0,82.0,Kauffman Stadium
716942.0,72.0,Petco Park
716955.0,73.0,Wrigley Field
716948.0,73.0,Minute Maid Park
716949.0,83.0,Truist Park
716954.0,77.0,Great American Ball Park
716951.0,78.0,Target Field
716953.0,78.0,Yankee Stadium
716946.0,76.0,Dodger Stadium
716944.0,68.0,Oakland Coliseum
716950.0,74.0,Globe Life Field
716956.0,72.0,Progressive Field
716947.0,84.0,Coors Field
716952.0,79.0,Busch Stadium
716959.0,71.0,Progressive Field
716945.0,81.0,Angel Stadium
716960.0,84.0,Nationals Park
716938.0,74.0,Globe Life Field
716931.0,72.0,Petco Park
716919.0,71.0,Petco Park
716935.0,83.0,Great American Ball Park
716926.0,77.0,Dodger Stadium
716925.0,76.0,Angel Stadium
716937.0,80.0,Wrigley Field
716936.0,90.0,Target Field
716940.0,87.0,Busch Stadium
716934.0,87.0,Truist Park
716933.0,91.0,Coors Field
716941.0,80.0,Nationals Park
716932.0,73.0,Minute Maid Park
716939.0,74.0,Progressive Field
716909.0,79.0,Dodger Stadium
716915.0,78.0,Angel Stadium
716943.0,73.0,Yankee Stadium
716930.0,70.0,Oakland Coliseum
716916.0,86.0,Coors Field
716922.0,83.0,Progressive Field
716927.0,89.0,Truist Park
716918.0,74.0,Globe Life Field
716921.0,95.0,Busch Stadium
716929.0,79.0,Muncy Bank Ballpark
716928.0,82.0,Yankee Stadium
716917.0,85.0,Wrigley Field
716914.0,78.0,Oakland Coliseum
716924.0,89.0,Great American Ball Park
716923.0,76.0,Target Field
716920.0,73.0,Minute Maid Park
716908.0,73.0,Minute Maid Park
716911.0,88.0,Citizens Bank Park
716905.0,73.0,Guaranteed Rate Field
716907.0,72.0,Petco Park
716910.0,92.0,Truist Park
716913.0,78.0,Comerica Park
716912.0,86.0,PNC Park
716906.0,77.0,Chase Field
716904.0,72.0,Oakland Coliseum
716900.0,77.0,Yankee Stadium
716892.0,81.0,Angel Stadium
716897.0,72.0,Progressive Field
716901.0,76.0,PNC Park
716893.0,82.0,Guaranteed Rate Field
716896.0,73.0,Comerica Park
716895.0,73.0,Minute Maid Park
716887.0,73.0,Petco Park
716891.0,92.0,Truist Park
716902.0,81.0,Oriole Park at Camden Yards
716889.0,76.0,Chase Field
716894.0,76.0,American Family Field
716898.0,72.0,Tropicana Field
716899.0,79.0,Citizens Bank Park
716888.0,72.0,Oakland Coliseum
716876.0,91.0,Truist Park
716874.0,79.0,Oriole Park at Camden Yards
716883.0,74.0,Petco Park
716878.0,73.0,Minute Maid Park
716881.0,95.0,Guaranteed Rate Field
716882.0,97.0,American Family Field
716884.0,82.0,Oakland Coliseum
716885.0,69.0,Comerica Park
716877.0,73.0,Yankee Stadium
716903.0,76.0,Angel Stadium
716879.0,82.0,Citizens Bank Park
716886.0,76.0,PNC Park
716890.0,85.0,Angel Stadium
716880.0,72.0,Tropicana Field
716875.0,72.0,Progressive Field
716873.0,73.0,Minute Maid Park
716870.0,84.0,PNC Park
716869.0,72.0,Tropicana Field
716868.0,77.0,Chase Field
716871.0,78.0,Progressive Field
716865.0,79.0,Oriole Park at Camden Yards
716872.0,74.0,Yankee Stadium
716867.0,84.0,Target Field
716864.0,91.0,Guaranteed Rate Field
716858.0,76.0,Comerica Park
716855.0,76.0,Citi Field
716857.0,75.0,American Family Field
716854.0,72.0,Tropicana Field
716860.0,77.0,Rogers Centre
716856.0,77.0,Guaranteed Rate Field
716861.0,85.0,Citizens Bank Park
716863.0,72.0,loanDepot park
716866.0,70.0,Fenway Park
716852.0,64.0,Oracle Park
716862.0,80.0,PNC Park
716851.0,78.0,Chase Field
716853.0,74.0,T-Mobile Park
716859.0,85.0,Oriole Park at Camden Yards
716850.0,84.0,Target Field
718593.0,59.0,Rogers Centre
718597.0,82.0,Great American Ball Park
718591.0,79.0,Busch Stadium
718590.0,86.0,Yankee Stadium
718589.0,55.0,Petco Park
718596.0,84.0,Oriole Park at Camden Yards
718594.0,72.0,Tropicana Field
716847.0,85.0,Citizens Bank Park
716839.0,72.0,Target Field
716845.0,72.0,Tropicana Field
716848.0,64.0,Oracle Park
716841.0,72.0,Guaranteed Rate Field
716844.0,72.0,loanDepot park
716843.0,75.0,Comerica Park
716838.0,67.0,American Family Field
716849.0,83.0,Fenway Park
716837.0,90.0,Oriole Park at Camden Yards
716833.0,79.0,Chase Field
716832.0,79.0,T-Mobile Park
716842.0,79.0,PNC Park
716846.0,68.0,Rogers Centre
716840.0,82.0,Citi Field
716827.0,72.0,loanDepot park
716829.0,79.0,Citi Field
716826.0,71.0,Guaranteed Rate Field
716820.0,77.0,T-Mobile Park
716830.0,71.0,Comerica Park
716822.0,71.0,American Family Field
716825.0,68.0,Rogers Centre
716835.0,86.0,Citizens Bank Park
716828.0,72.0,Tropicana Field
716834.0,73.0,PNC Park
716821.0,78.0,Chase Field
716824.0,71.0,Target Field
716831.0,74.0,Fenway Park
716836.0,90.0,Oriole Park at Camden Yards
716819.0,70.0,Oracle Park
716811.0,83.0,Kauffman Stadium
716809.0,79.0,Busch Stadium
716817.0,77.0,Citizens Bank Park
716805.0,83.0,Dodger Stadium
716814.0,70.0,Fenway Park
716808.0,74.0,Comerica Park
716810.0,73.0,Wrigley Field
716816.0,68.0,Rogers Centre
716812.0,79.0,Coors Field
716815.0,79.0,Oriole Park at Camden Yards
716818.0,73.0,Citi Field
716823.0,67.0,Oracle Park
716804.0,67.0,T-Mobile Park
716813.0,83.0,Target Field
716803.0,74.0,Oracle Park
716798.0,70.0,Wrigley Field
716807.0,72.0,loanDepot park
716793.0,85.0,Kauffman Stadium
716801.0,71.0,Rogers Centre
716796.0,80.0,Target Field
716795.0,74.0,Comerica Park
716791.0,82.0,Coors Field
716799.0,76.0,Citi Field
716802.0,69.0,Fenway Park
716800.0,79.0,Oriole Park at Camden Yards
716797.0,85.0,Busch Stadium
716790.0,60.0,T-Mobile Park
716806.0,78.0,Citizens Bank Park
716792.0,83.0,Dodger Stadium
716785.0,67.0,Rogers Centre
716786.0,82.0,Oriole Park at Camden Yards
716779.0,67.0,Wrigley Field
716781.0,64.0,Comerica Park
716782.0,79.0,Busch Stadium
716778.0,72.0,loanDepot park
716789.0,73.0,Oracle Park
716788.0,69.0,T-Mobile Park
716773.0,91.0,Coors Field
716774.0,82.0,Dodger Stadium
716784.0,74.0,Target Field
716780.0,83.0,Kauffman Stadium
716787.0,83.0,Citizens Bank Park
716794.0,78.0,Fenway Park
716783.0,81.0,Citi Field
716768.0,78.0,Dodger Stadium
716775.0,68.0,Comerica Park
716777.0,71.0,Petco Park
716776.0,78.0,Nationals Park
716764.0,87.0,Kauffman Stadium
716761.0,72.0,Petco Park
716757.0,73.0,Dodger Stadium
716769.0,72.0,Citi Field
716762.0,77.0,Guaranteed Rate Field
716765.0,77.0,American Family Field
716766.0,80.0,Busch Stadium
716767.0,73.0,Progressive Field
716763.0,73.0,Minute Maid Park
716770.0,84.0,Great American Ball Park
718700.0,80.0,Great American Ball Park
716758.0,65.0,Oakland Coliseum
716772.0,74.0,Globe Life Field
716756.0,74.0,Chase Field
716759.0,95.0,Coors Field
716771.0,75.0,Nationals Park
716743.0,76.0,Petco Park
716747.0,78.0,Chase Field
716746.0,73.0,Minute Maid Park
716748.0,95.0,Coors Field
716753.0,87.0,Great American Ball Park
716745.0,85.0,American Family Field
716750.0,94.0,Kauffman Stadium
716754.0,79.0,Progressive Field
716741.0,76.0,Dodger Stadium
716755.0,72.0,Oakland Coliseum
716751.0,71.0,Citi Field
716744.0,87.0,Busch Stadium
716760.0,84.0,Nationals Park
716749.0,86.0,Guaranteed Rate Field
716752.0,74.0,Globe Life Field
716739.0,92.0,Kauffman Stadium
716732.0,78.0,Chase Field
716733.0,89.0,Busch Stadium
716734.0,90.0,Guaranteed Rate Field
716737.0,74.0,Globe Life Field
716725.0,76.0,Dodger Stadium
716735.0,73.0,Minute Maid Park
716740.0,91.0,Nationals Park
716738.0,84.0,Great American Ball Park
716728.0,75.0,Petco Park
716736.0,89.0,American Family Field
716729.0,84.0,Progressive Field
716742.0,87.0,Citi Field
716731.0,71.0,Oakland Coliseum
716730.0,86.0,Coors Field
716723.0,89.0,Wrigley Field
716718.0,86.0,PNC Park
716720.0,74.0,Petco Park
716722.0,72.0,Tropicana Field
716721.0,78.0,Chase Field
716681.0,91.0,Kauffman Stadium
716713.0,74.0,Angel Stadium
716719.0,84.0,Progressive Field
716724.0,74.0,Globe Life Field
716726.0,69.0,Oakland Coliseum
716727.0,92.0,Great American Ball Park
718592.0,73.0,Nationals Park
718575.0,59.0,Dodger Stadium
718586.0,81.0,Great American Ball Park
718584.0,72.0,loanDepot park
718578.0,56.0,Oakland Coliseum
718574.0,59.0,Petco Park
718585.0,80.0,Comerica Park
718582.0,78.0,Busch Stadium
718587.0,59.0,Rogers Centre
718588.0,78.0,Yankee Stadium
718583.0,72.0,Guaranteed Rate Field
718581.0,73.0,Minute Maid Park
718580.0,58.0,Fenway Park
718579.0,77.0,Kauffman Stadium
718577.0,56.0,T-Mobile Park
716711.0,87.0,Yankee Stadium
716717.0,86.0,Progressive Field
716706.0,71.0,Angel Stadium
716705.0,74.0,Globe Life Field
716712.0,89.0,Great American Ball Park
716715.0,92.0,Nationals Park
716714.0,90.0,PNC Park
716707.0,68.0,Oakland Coliseum
716716.0,72.0,Tropicana Field
716704.0,92.0,Kauffman Stadium
716709.0,84.0,Truist Park
716703.0,71.0,Petco Park
716702.0,78.0,Chase Field
716710.0,72.0,loanDepot park
716708.0,84.0,Wrigley Field
716690.0,77.0,Angel Stadium
716691.0,74.0,Petco Park
716696.0,72.0,Tropicana Field
716687.0,74.0,Globe Life Field
716694.0,90.0,Yankee Stadium
716693.0,83.0,Great American Ball Park
716697.0,87.0,PNC Park
716688.0,79.0,Kauffman Stadium
716695.0,72.0,loanDepot park
716700.0,87.0,Progressive Field
716689.0,83.0,Truist Park
716699.0,80.0,Wrigley Field
716701.0,97.0,Nationals Park
716698.0,70.0,Oakland Coliseum
716692.0,75.0,Chase Field
716683.0,72.0,Tropicana Field
716680.0,84.0,Truist Park
716682.0,72.0,loanDepot park
716686.0,90.0,Yankee Stadium
716685.0,66.0,Wrigley Field
716684.0,79.0,Angel Stadium
716678.0,66.0,Wrigley Field
716675.0,67.0,Comerica Park
716669.0,73.0,Minute Maid Park
716671.0,72.0,Tropicana Field
716666.0,75.0,Target Field
716674.0,83.0,Truist Park
716667.0,86.0,Angel Stadium
716668.0,63.0,Oracle Park
716676.0,89.0,Nationals Park
716673.0,68.0,Rogers Centre
716665.0,74.0,Globe Life Field
716679.0,80.0,Citizens Bank Park
716672.0,82.0,Fenway Park
716670.0,75.0,Yankee Stadium
716677.0,77.0,Great American Ball Park
716661.0,68.0,Rogers Centre
716660.0,70.0,Wrigley Field
716662.0,72.0,Nationals Park
716655.0,76.0,Great American Ball Park
716650.0,87.0,Angel Stadium
716654.0,74.0,Target Field
716658.0,67.0,Comerica Park
716663.0,67.0,Oracle Park
716653.0,73.0,Citizens Bank Park
716651.0,80.0,Truist Park
716649.0,73.0,Minute Maid Park
716659.0,76.0,Yankee Stadium
716664.0,72.0,Fenway Park
716656.0,72.0,Tropicana Field
716657.0,74.0,Globe Life Field
716646.0,70.0,Yankee Stadium
716642.0,76.0,Great American Ball Park
716639.0,69.0,Target Field
716641.0,70.0,Rogers Centre
716647.0,80.0,Nationals Park
716640.0,73.0,Minute Maid Park
716648.0,71.0,Comerica Park
716645.0,72.0,Tropicana Field
716652.0,73.0,Fenway Park
716634.0,67.0,Oracle Park
716633.0,88.0,Angel Stadium
716643.0,74.0,Citizens Bank Park
716644.0,83.0,Truist Park
716637.0,74.0,Globe Life Field
716638.0,75.0,Wrigley Field
716623.0,69.0,T-Mobile Park
716626.0,70.0,American Family Field
717664.0,78.0,Citizens Bank Park
716630.0,72.0,Rogers Centre
716635.0,77.0,PNC Park
716625.0,66.0,Coors Field
716590.0,76.0,Citizens Bank Park
716624.0,73.0,Minute Maid Park
716632.0,65.0,Oracle Park
716629.0,72.0,Target Field
716627.0,73.0,Citi Field
716636.0,85.0,Oriole Park at Camden Yards
716622.0,76.0,Dodger Stadium
716608.0,73.0,Dodger Stadium
716613.0,63.0,Target Field
716611.0,69.0,Guaranteed Rate Field
716618.0,83.0,Citizens Bank Park
716610.0,68.0,American Family Field
716621.0,86.0,Oriole Park at Camden Yards
716614.0,73.0,Minute Maid Park
716620.0,66.0,PNC Park
716612.0,74.0,Fenway Park
716606.0,63.0,T-Mobile Park
716617.0,69.0,Comerica Park
716615.0,78.0,Citi Field
716628.0,74.0,Fenway Park
716619.0,64.0,Oracle Park
716609.0,75.0,Coors Field
716631.0,65.0,Guaranteed Rate Field
716616.0,68.0,Rogers Centre
716603.0,81.0,Citizens Bank Park
716604.0,81.0,Oriole Park at Camden Yards
716602.0,70.0,T-Mobile Park
716595.0,77.0,Citi Field
716594.0,65.0,Rogers Centre
716601.0,64.0,Comerica Park
716592.0,70.0,American Family Field
716589.0,71.0,Dodger Stadium
716600.0,70.0,PNC Park
716605.0,66.0,Oracle Park
716599.0,76.0,Coors Field
716598.0,64.0,Guaranteed Rate Field
716607.0,60.0,Target Field
716596.0,73.0,Minute Maid Park
716587.0,65.0,Rogers Centre
716580.0,67.0,Guaranteed Rate Field
716597.0,75.0,Fenway Park
716588.0,78.0,Citi Field
716586.0,73.0,Oriole Park at Camden Yards
716584.0,67.0,Comerica Park
716591.0,67.0,PNC Park
716593.0,70.0,Fenway Park
716585.0,70.0,American Family Field
718568.0,70.0,Busch Stadium
718571.0,76.0,Comerica Park
718563.0,46.0,Kauffman Stadium
718562.0,73.0,Minute Maid Park
718576.0,56.0,Fenway Park
718560.0,64.0,Petco Park
718570.0,77.0,Guaranteed Rate Field
718573.0,72.0,Nationals Park
718569.0,63.0,Rogers Centre
718565.0,58.0,Oakland Coliseum
718561.0,51.0,T-Mobile Park
718572.0,68.0,Yankee Stadium
718567.0,72.0,loanDepot park
718566.0,79.0,Great American Ball Park
718564.0,64.0,Dodger Stadium
718553.0,43.0,Guaranteed Rate Field
718557.0,65.0,Yankee Stadium
718556.0,66.0,Rogers Centre
718549.0,62.0,Petco Park
718547.0,63.0,Dodger Stadium
718559.0,54.0,Fenway Park
718554.0,57.0,Great American Ball Park
718550.0,72.0,loanDepot park
718545.0,48.0,T-Mobile Park
718551.0,51.0,Kauffman Stadium
718552.0,73.0,Minute Maid Park
718555.0,79.0,Nationals Park
718548.0,47.0,Busch Stadium
718546.0,59.0,Oakland Coliseum
718544.0,72.0,loanDepot park
718535.0,72.0,Coors Field
718536.0,56.0,Oakland Coliseum
718537.0,73.0,Minute Maid Park
718539.0,69.0,Kauffman Stadium
718532.0,58.0,Dodger Stadium
718533.0,58.0,Petco Park
718538.0,67.0,Busch Stadium
718534.0,48.0,T-Mobile Park
718542.0,52.0,Great American Ball Park
718540.0,50.0,Fenway Park
718766.0,58.0,Petco Park
718764.0,73.0,Minute Maid Park
718763.0,45.0,T-Mobile Park
718771.0,80.0,loanDepot park
718765.0,56.0,Dodger Stadium
718525.0,53.0,Guaranteed Rate Field
718516.0,59.0,Dodger Stadium
718543.0,54.0,Guaranteed Rate Field
718523.0,53.0,Oakland Coliseum
718526.0,66.0,Great American Ball Park
718517.0,46.0,T-Mobile Park
718541.0,46.0,Comerica Park
718524.0,54.0,Fenway Park
718519.0,60.0,Petco Park
718531.0,69.0,Nationals Park
718520.0,73.0,Minute Maid Park
718522.0,80.0,Kauffman Stadium
718521.0,73.0,Coors Field
718528.0,72.0,loanDepot park
718530.0,39.0,Comerica Park
718527.0,71.0,Busch Stadium
718529.0,52.0,Yankee Stadium
718505.0,46.0,Fenway Park
718518.0,74.0,Nationals Park
718504.0,61.0,Yankee Stadium
718514.0,73.0,Kauffman Stadium
718507.0,64.0,Petco Park
718510.0,60.0,Guaranteed Rate Field
718502.0,48.0,T-Mobile Park
718501.0,73.0,Minute Maid Park
718511.0,72.0,loanDepot park
718506.0,56.0,Oakland Coliseum
718515.0,68.0,Great American Ball Park
718509.0,55.0,Coors Field
718513.0,47.0,Comerica Park
718512.0,78.0,Busch Stadium
718508.0,68.0,Dodger Stadium
718497.0,55.0,Fenway Park
718496.0,63.0,Yankee Stadium
718500.0,83.0,PNC Park
718503.0,59.0,Oracle Park
718494.0,82.0,Chase Field
718498.0,75.0,Citizens Bank Park
718499.0,70.0,Wrigley Field
718486.0,72.0,Tropicana Field
718491.0,53.0,Wrigley Field
718485.0,83.0,Angel Stadium
718490.0,73.0,Globe Life Field
718483.0,62.0,American Family Field
718484.0,85.0,Chase Field
718489.0,75.0,Truist Park
718480.0,62.0,Oracle Park
718495.0,80.0,Oriole Park at Camden Yards
718481.0,52.0,T-Mobile Park
718493.0,73.0,Citizens Bank Park
718482.0,37.0,Target Field
718487.0,60.0,Yankee Stadium
718492.0,82.0,PNC Park
718473.0,50.0,Progressive Field
718477.0,72.0,Tropicana Field
718464.0,59.0,T-Mobile Park
718478.0,66.0,Oracle Park
718468.0,35.0,Target Field
718469.0,74.0,Globe Life Field
718479.0,41.0,Wrigley Field
718474.0,56.0,PNC Park
718476.0,60.0,Yankee Stadium
718472.0,59.0,Oriole Park at Camden Yards
718471.0,68.0,Truist Park
718467.0,93.0,Chase Field
718488.0,49.0,Progressive Field
718475.0,78.0,Citizens Bank Park
718470.0,62.0,American Family Field
718466.0,77.0,Angel Stadium
718458.0,63.0,Citizens Bank Park
718462.0,64.0,Truist Park
718450.0,54.0,T-Mobile Park
718465.0,62.0,Yankee Stadium
718456.0,76.0,Chase Field
718457.0,72.0,Tropicana Field
718463.0,47.0,PNC Park
718460.0,46.0,Progressive Field
718454.0,40.0,Target Field
718451.0,42.0,Wrigley Field
718459.0,64.0,Oriole Park at Camden Yards
718453.0,74.0,Globe Life Field
718461.0,61.0,American Family Field
718452.0,76.0,Angel Stadium
718455.0,61.0,Oracle Park
718446.0,58.0,Oracle Park
718442.0,49.0,Target Field
718444.0,68.0,Rogers Centre
718443.0,65.0,Truist Park
718438.0,87.0,Chase Field
718445.0,51.0,Great American Ball Park
718441.0,62.0,American Family Field
718447.0,59.0,Oriole Park at Camden Yards
718448.0,44.0,Progressive Field
718449.0,72.0,Tropicana Field
718437.0,67.0,Angel Stadium
718429.0,69.0,Truist Park
718426.0,41.0,Wrigley Field
718433.0,68.0,Rogers Centre
718434.0,60.0,Great American Ball Park
718430.0,57.0,Citizens Bank Park
718427.0,50.0,Target Field
718436.0,72.0,Tropicana Field
718440.0,45.0,Progressive Field
718432.0,56.0,PNC Park
718431.0,57.0,Citi Field
718439.0,63.0,Oracle Park
718422.0,86.0,Chase Field
718425.0,65.0,Angel Stadium
718428.0,64.0,American Family Field
718435.0,59.0,Oriole Park at Camden Yards
718408.0,73.0,Angel Stadium
718416.0,61.0,Oriole Park at Camden Yards
718424.0,58.0,Great American Ball Park
718412.0,54.0,Citi Field
718419.0,63.0,American Family Field
718407.0,43.0,Wrigley Field
718418.0,82.0,Chase Field
718411.0,55.0,Truist Park
718423.0,62.0,Oracle Park
718414.0,72.0,Tropicana Field
718421.0,46.0,Progressive Field
718420.0,68.0,Rogers Centre
718413.0,61.0,PNC Park
718415.0,54.0,Citizens Bank Park
718417.0,50.0,Target Field
718405.0,58.0,Comerica Park
718409.0,67.0,Oracle Park
718396.0,56.0,Guaranteed Rate Field
718406.0,60.0,Wrigley Field
718397.0,67.0,Globe Life Field
718403.0,60.0,PNC Park
718398.0,55.0,Citi Field
718402.0,74.0,Angel Stadium
718404.0,55.0,Citizens Bank Park
718400.0,58.0,Target Field
718410.0,57.0,Truist Park
718756.0,45.0,Great American Ball Park
718758.0,39.0,Wrigley Field
718760.0,73.0,Minute Maid Park
718753.0,73.0,Nationals Park
718759.0,46.0,Busch Stadium
718752.0,71.0,Globe Life Field
718755.0,72.0,loanDepot park
718751.0,55.0,Kauffman Stadium
718757.0,58.0,Oakland Coliseum
718749.0,64.0,Dodger Stadium
718746.0,47.0,T-Mobile Park
718750.0,60.0,Petco Park
718762.0,68.0,Yankee Stadium
718754.0,72.0,Tropicana Field
718761.0,56.0,Fenway Park
718382.0,62.0,Dodger Stadium
718389.0,73.0,Minute Maid Park
718386.0,65.0,American Family Field
718395.0,52.0,Fenway Park
718392.0,68.0,Rogers Centre
718388.0,74.0,Globe Life Field
718393.0,55.0,Guaranteed Rate Field
718391.0,72.0,loanDepot park
718390.0,57.0,Coors Field
718387.0,48.0,Target Field
718380.0,64.0,Oakland Coliseum
718394.0,52.0,Citi Field
718374.0,74.0,Globe Life Field
718377.0,63.0,Oakland Coliseum
718375.0,72.0,loanDepot park
718379.0,68.0,Rogers Centre
718372.0,73.0,Minute Maid Park
718373.0,56.0,Guaranteed Rate Field
718383.0,60.0,Nationals Park
718401.0,63.0,Comerica Park
718399.0,69.0,Nationals Park
718381.0,53.0,Comerica Park
718369.0,66.0,Dodger Stadium
718378.0,47.0,Target Field
718376.0,66.0,American Family Field
718385.0,49.0,Fenway Park
718366.0,72.0,Coors Field
718384.0,81.0,Estadio Alfredo Harp Helu
718367.0,62.0,Nationals Park
718370.0,51.0,Fenway Park
718356.0,82.0,Globe Life Field
718368.0,80.0,Estadio Alfredo Harp Helu
718355.0,46.0,Guaranteed Rate Field
718363.0,68.0,Rogers Centre
718362.0,45.0,Target Field
718357.0,63.0,Oakland Coliseum
718359.0,67.0,Dodger Stadium
718358.0,65.0,Coors Field
718364.0,72.0,loanDepot park
718365.0,64.0,American Family Field
718354.0,73.0,Minute Maid Park
718360.0,51.0,Comerica Park
718352.0,59.0,Citi Field
718353.0,59.0,Fenway Park
718349.0,57.0,Nationals Park
718345.0,60.0,Petco Park
718351.0,58.0,Yankee Stadium
718361.0,62.0,Citi Field
718343.0,59.0,Dodger Stadium
718350.0,73.0,Minute Maid Park
718337.0,76.0,Minute Maid Park
718339.0,55.0,Yankee Stadium
718346.0,72.0,loanDepot park
718335.0,61.0,Petco Park
718332.0,54.0,Oakland Coliseum
718347.0,72.0,Tropicana Field
718338.0,66.0,Busch Stadium
718341.0,50.0,Fenway Park
718331.0,57.0,Dodger Stadium
718334.0,66.0,Coors Field
718342.0,78.0,Globe Life Field
718336.0,67.0,Kauffman Stadium
718340.0,48.0,Guaranteed Rate Field
718344.0,53.0,Nationals Park
718323.0,50.0,Fenway Park
718320.0,68.0,Busch Stadium
718326.0,73.0,Minute Maid Park
718328.0,72.0,Tropicana Field
718322.0,48.0,Guaranteed Rate Field
718327.0,64.0,Dodger Stadium
718319.0,53.0,Oakland Coliseum
718330.0,63.0,Petco Park
718329.0,52.0,Comerica Park
718324.0,53.0,Yankee Stadium
718325.0,79.0,Globe Life Field
718333.0,54.0,Nationals Park
718321.0,72.0,loanDepot park
718315.0,77.0,Coors Field
718348.0,50.0,Comerica Park
718314.0,72.0,Kauffman Stadium
718308.0,72.0,loanDepot park
718312.0,72.0,Kauffman Stadium
718318.0,59.0,Comerica Park
718310.0,63.0,Guaranteed Rate Field
718304.0,59.0,Oakland Coliseum
718313.0,70.0,Coors Field
718311.0,72.0,Busch Stadium
718316.0,47.0,Fenway Park
718309.0,72.0,Tropicana Field
718317.0,60.0,Nationals Park
718307.0,67.0,PNC Park
718298.0,59.0,Truist Park
718294.0,65.0,Angel Stadium
718305.0,75.0,Great American Ball Park
718302.0,55.0,Citi Field
718301.0,59.0,Citizens Bank Park
718297.0,51.0,T-Mobile Park
718299.0,76.0,Kauffman Stadium
718303.0,69.0,Wrigley Field
718293.0,55.0,Oracle Park
718295.0,63.0,Petco Park
718296.0,79.0,Chase Field
718306.0,59.0,Progressive Field
718292.0,70.0,Busch Stadium
718300.0,72.0,Tropicana Field
718280.0,93.0,Kauffman Stadium
718275.0,66.0,Angel Stadium
718287.0,59.0,Oracle Park
718286.0,72.0,PNC Park
718279.0,63.0,Petco Park
718281.0,76.0,Great American Ball Park
718290.0,71.0,Citi Field
718282.0,85.0,Chase Field
718283.0,73.0,Truist Park
718285.0,62.0,Progressive Field
718288.0,73.0,Busch Stadium
718284.0,72.0,Citizens Bank Park
718291.0,72.0,Tropicana Field
718274.0,58.0,T-Mobile Park
718289.0,65.0,Wrigley Field
718269.0,77.0,Wrigley Field
718273.0,68.0,Progressive Field
718262.0,77.0,Great American Ball Park
718268.0,86.0,Kauffman Stadium
718277.0,73.0,Truist Park
718271.0,72.0,Tropicana Field
718278.0,60.0,PNC Park
718263.0,75.0,Chase Field
718267.0,60.0,Oracle Park
718265.0,51.0,T-Mobile Park
718266.0,67.0,Petco Park
718270.0,76.0,Citizens Bank Park
718272.0,87.0,Busch Stadium
718276.0,75.0,Citi Field
718264.0,70.0,Angel Stadium
718740.0,73.0,Minute Maid Park
718739.0,72.0,Globe Life Field
718734.0,56.0,Oakland Coliseum
718744.0,49.0,Great American Ball Park
718747.0,47.0,Yankee Stadium
718733.0,62.0,Petco Park
718743.0,54.0,Nationals Park
718737.0,63.0,Busch Stadium
718735.0,44.0,T-Mobile Park
718738.0,47.0,Wrigley Field
718741.0,72.0,loanDepot park
718748.0,43.0,Fenway Park
718745.0,72.0,Kauffman Stadium
718736.0,68.0,Dodger Stadium
718742.0,72.0,Tropicana Field
718258.0,71.0,PNC Park
718259.0,81.0,Oriole Park at Camden Yards
718253.0,82.0,Kauffman Stadium
718256.0,48.0,Wrigley Field
718254.0,69.0,Angel Stadium
718257.0,64.0,American Family Field
718260.0,57.0,Oracle Park
718261.0,55.0,Progressive Field
718251.0,61.0,T-Mobile Park
718249.0,89.0,Chase Field
718255.0,73.0,Yankee Stadium
718238.0,69.0,Kauffman Stadium
718250.0,57.0,Oracle Park
718236.0,91.0,Chase Field
718237.0,63.0,Angel Stadium
718248.0,60.0,Progressive Field
718239.0,61.0,T-Mobile Park
718246.0,65.0,Oriole Park at Camden Yards
718245.0,77.0,Truist Park
718247.0,62.0,Yankee Stadium
718242.0,66.0,Target Field
718244.0,70.0,Citizens Bank Park
718240.0,59.0,Wrigley Field
718243.0,73.0,Great American Ball Park
718252.0,72.0,PNC Park
718241.0,67.0,American Family Field
718233.0,72.0,Citizens Bank Park
718225.0,76.0,Great American Ball Park
718220.0,81.0,Truist Park
718234.0,62.0,Progressive Field
718222.0,81.0,Kauffman Stadium
718224.0,77.0,Target Field
718229.0,56.0,T-Mobile Park
718226.0,72.0,Chase Field
718227.0,72.0,Oriole Park at Camden Yards
718228.0,71.0,American Family Field
718230.0,57.0,Oracle Park
718235.0,69.0,Angel Stadium
718221.0,65.0,Wrigley Field
718232.0,65.0,Yankee Stadium
718231.0,66.0,PNC Park
718217.0,60.0,Oakland Coliseum
718215.0,88.0,Chase Field
718216.0,71.0,Target Field
718223.0,76.0,Great American Ball Park
718218.0,67.0,Kauffman Stadium
718219.0,78.0,Yankee Stadium
718206.0,72.0,Rogers Centre
718204.0,70.0,American Family Field
718201.0,64.0,Dodger Stadium
718212.0,83.0,loanDepot park
718214.0,81.0,Nationals Park
718205.0,70.0,Progressive Field
718210.0,82.0,Yankee Stadium
718209.0,69.0,Target Field
718207.0,58.0,Guaranteed Rate Field
718199.0,93.0,Chase Field
718200.0,65.0,Oakland Coliseum
718213.0,82.0,Oriole Park at Camden Yards
718208.0,75.0,Comerica Park
718211.0,82.0,Fenway Park
718202.0,59.0,Coors Field
718196.0,80.0,Fenway Park
718191.0,65.0,Progressive Field
718198.0,72.0,loanDepot park
718190.0,74.0,Oakland Coliseum
718195.0,63.0,Target Field
718192.0,64.0,Rogers Centre
718184.0,78.0,Chase Field
718185.0,72.0,Dodger Stadium
718189.0,59.0,Guaranteed Rate Field
718193.0,67.0,Oriole Park at Camden Yards
718197.0,77.0,Yankee Stadium
718183.0,68.0,American Family Field
718194.0,73.0,Comerica Park
718188.0,57.0,Coors Field
718203.0,67.0,Nationals Park
718178.0,72.0,loanDepot park
718187.0,66.0,Fenway Park
718180.0,68.0,Yankee Stadium
718174.0,55.0,Coors Field
718172.0,71.0,Oakland Coliseum
718182.0,64.0,Progressive Field
718169.0,74.0,Chase Field
718176.0,58.0,Guaranteed Rate Field
718175.0,60.0,Target Field
718179.0,75.0,Oriole Park at Camden Yards
718173.0,66.0,Comerica Park
718186.0,79.0,Nationals Park
718168.0,74.0,Dodger Stadium
718177.0,65.0,American Family Field
718181.0,53.0,Rogers Centre
718165.0,74.0,Globe Life Field
718166.0,74.0,Busch Stadium
718162.0,63.0,Petco Park
718171.0,74.0,Oriole Park at Camden Yards
718160.0,63.0,Oakland Coliseum
718167.0,76.0,Nationals Park
718163.0,72.0,Fenway Park
718161.0,63.0,Coors Field
718159.0,65.0,Dodger Stadium
718164.0,72.0,Rogers Centre
718158.0,73.0,Minute Maid Park
718170.0,60.0,Oracle Park
718153.0,72.0,loanDepot park
718157.0,68.0,Rogers Centre
718141.0,63.0,Dodger Stadium
718144.0,65.0,Petco Park
718156.0,64.0,Oracle Park
718155.0,78.0,Comerica Park
718151.0,69.0,Busch Stadium
718149.0,77.0,Fenway Park
718147.0,61.0,Guaranteed Rate Field
718150.0,78.0,Citi Field
718154.0,77.0,Oriole Park at Camden Yards
718148.0,74.0,Globe Life Field
718152.0,73.0,Minute Maid Park
718146.0,70.0,Oakland Coliseum
718145.0,73.0,Coors Field
718133.0,53.0,Fenway Park
718134.0,68.0,Rogers Centre
718135.0,60.0,Citi Field
718142.0,53.0,Comerica Park
718139.0,68.0,Oakland Coliseum
718129.0,50.0,Guaranteed Rate Field
718131.0,78.0,Busch Stadium
718137.0,67.0,Oriole Park at Camden Yards
718126.0,74.0,Globe Life Field
718132.0,72.0,loanDepot park
718140.0,62.0,Petco Park
718138.0,77.0,Coors Field
718127.0,73.0,Minute Maid Park
718136.0,69.0,Dodger Stadium
718143.0,60.0,Oracle Park
718722.0,56.0,Petco Park
718726.0,74.0,Globe Life Field
718731.0,65.0,American Family Field
718727.0,77.0,Busch Stadium
718724.0,50.0,Fenway Park
718732.0,70.0,Nationals Park
718728.0,71.0,Great American Ball Park
718723.0,73.0,Minute Maid Park
718718.0,57.0,Dodger Stadium
718730.0,57.0,Guaranteed Rate Field
718720.0,45.0,T-Mobile Park
718721.0,54.0,Oakland Coliseum
718719.0,73.0,Kauffman Stadium
718725.0,53.0,Yankee Stadium
718729.0,83.0,loanDepot park
718125.0,62.0,Guaranteed Rate Field
718124.0,81.0,Busch Stadium
718121.0,68.0,Rogers Centre
718128.0,67.0,Oriole Park at Camden Yards
718130.0,72.0,loanDepot park
718122.0,58.0,Citi Field
718107.0,62.0,Petco Park
718106.0,66.0,Angel Stadium
718114.0,74.0,Globe Life Field
718113.0,67.0,Busch Stadium
718110.0,74.0,Truist Park
718105.0,57.0,Oracle Park
718111.0,61.0,Guaranteed Rate Field
718118.0,74.0,PNC Park
718119.0,62.0,Citi Field
718115.0,68.0,Rogers Centre
718123.0,72.0,Nationals Park
718112.0,73.0,Minute Maid Park
718116.0,69.0,Citizens Bank Park
718117.0,72.0,Tropicana Field
718120.0,77.0,Great American Ball Park
718092.0,63.0,Petco Park
718096.0,67.0,Angel Stadium
718109.0,72.0,Busch Stadium
718097.0,69.0,Citizens Bank Park
718098.0,73.0,Minute Maid Park
718100.0,74.0,Globe Life Field
718103.0,58.0,Oracle Park
718102.0,59.0,Rogers Centre
718104.0,59.0,Guaranteed Rate Field
718094.0,75.0,Truist Park
718093.0,72.0,Tropicana Field
718101.0,62.0,PNC Park
718095.0,71.0,Great American Ball Park
718108.0,78.0,Nationals Park
718087.0,59.0,Rogers Centre
718085.0,68.0,Great American Ball Park
718082.0,70.0,Citi Field
718086.0,73.0,Minute Maid Park
718083.0,75.0,Busch Stadium
718080.0,73.0,Angel Stadium
718084.0,75.0,Guaranteed Rate Field
718099.0,69.0,Citi Field
718076.0,73.0,Globe Life Field
718081.0,72.0,Tropicana Field
718088.0,70.0,Citizens Bank Park
718078.0,63.0,Oracle Park
718091.0,71.0,PNC Park
718090.0,77.0,Truist Park
718089.0,72.0,Nationals Park
718079.0,68.0,Petco Park
718073.0,77.0,Citizens Bank Park
718062.0,61.0,T-Mobile Park
718074.0,65.0,Truist Park
718075.0,77.0,PNC Park
718068.0,69.0,American Family Field
718077.0,72.0,Tropicana Field
718072.0,66.0,Progressive Field
718069.0,75.0,Coors Field
718071.0,77.0,Great American Ball Park
718066.0,77.0,Kauffman Stadium
718070.0,68.0,Angel Stadium
718067.0,81.0,Target Field
718054.0,83.0,Target Field
718065.0,77.0,PNC Park
718057.0,70.0,Truist Park
718064.0,70.0,Nationals Park
718058.0,63.0,Yankee Stadium
718053.0,62.0,Angel Stadium
718056.0,73.0,American Family Field
718060.0,69.0,Citizens Bank Park
718059.0,80.0,Great American Ball Park
718061.0,72.0,Tropicana Field
718049.0,80.0,Kauffman Stadium
718050.0,62.0,T-Mobile Park
718063.0,69.0,Progressive Field
718055.0,71.0,Wrigley Field
718051.0,75.0,Coors Field
718047.0,70.0,Target Field
718038.0,51.0,Wrigley Field
718041.0,80.0,Great American Ball Park
718034.0,64.0,Angel Stadium
718042.0,77.0,Truist Park
718043.0,77.0,Citizens Bank Park
718045.0,70.0,PNC Park
718040.0,62.0,Yankee Stadium
718052.0,79.0,Nationals Park
718048.0,67.0,Progressive Field
718039.0,76.0,Kauffman Stadium
718046.0,65.0,American Family Field
718037.0,67.0,T-Mobile Park
718036.0,67.0,Coors Field
718044.0,72.0,Tropicana Field
718024.0,52.0,Wrigley Field
718035.0,70.0,Nationals Park
718026.0,80.0,Truist Park
718029.0,66.0,Yankee Stadium
718030.0,65.0,Great American Ball Park
718032.0,72.0,Tropicana Field
718031.0,62.0,Comerica Park
718033.0,73.0,Coors Field
718028.0,65.0,American Family Field
718025.0,76.0,T-Mobile Park
718027.0,59.0,Wrigley Field
718022.0,63.0,Progressive Field
718014.0,79.0,Kauffman Stadium
718013.0,79.0,Target Field
718021.0,71.0,Comerica Park
718016.0,63.0,Coors Field
718012.0,77.0,T-Mobile Park
718015.0,64.0,Angel Stadium
718018.0,72.0,Tropicana Field
718017.0,67.0,American Family Field
718009.0,60.0,Oakland Coliseum
718020.0,73.0,Oriole Park at Camden Yards
718019.0,76.0,Truist Park
718023.0,72.0,Yankee Stadium
718010.0,77.0,Chase Field
717999.0,70.0,American Family Field
717998.0,66.0,Angel Stadium
717997.0,75.0,Truist Park
717996.0,67.0,Progressive Field
718004.0,60.0,T-Mobile Park
718001.0,78.0,Oriole Park at Camden Yards
718003.0,62.0,Oakland Coliseum
718005.0,72.0,Comerica Park
718008.0,79.0,Target Field
717991.0,75.0,Chase Field
718006.0,72.0,Yankee Stadium
718000.0,78.0,Kauffman Stadium
718011.0,68.0,Coors Field
718002.0,72.0,Tropicana Field
718007.0,64.0,Wrigley Field
718705.0,73.0,Minute Maid Park
718714.0,83.0,loanDepot park
718706.0,50.0,T-Mobile Park
718707.0,54.0,Oakland Coliseum
718703.0,58.0,Dodger Stadium
718712.0,63.0,American Family Field
718711.0,82.0,Busch Stadium
718717.0,57.0,Petco Park
718708.0,80.0,Kauffman Stadium
718709.0,74.0,Globe Life Field
718716.0,76.0,Great American Ball Park
718713.0,50.0,Fenway Park
718715.0,80.0,Nationals Park
718710.0,65.0,Yankee Stadium
717981.0,76.0,Chase Field
717985.0,79.0,Kauffman Stadium
717989.0,78.0,Comerica Park
717992.0,77.0,Truist Park
717995.0,76.0,Yankee Stadium
717983.0,56.0,T-Mobile Park
717988.0,78.0,Target Field
717986.0,74.0,American Family Field
717987.0,69.0,Wrigley Field
717993.0,71.0,Progressive Field
717984.0,68.0,Angel Stadium
717980.0,59.0,Oakland Coliseum
717994.0,72.0,Tropicana Field
717990.0,71.0,Oriole Park at Camden Yards
717982.0,76.0,Coors Field
717975.0,85.0,Busch Stadium
717976.0,71.0,Wrigley Field
717974.0,81.0,Oriole Park at Camden Yards
717971.0,74.0,Guaranteed Rate Field
717968.0,73.0,Minute Maid Park
717979.0,80.0,Comerica Park
717978.0,64.0,Oracle Park
717973.0,66.0,Dodger Stadium
717977.0,75.0,Chase Field
717969.0,68.0,T-Mobile Park
717970.0,65.0,Oakland Coliseum
717960.0,88.0,Busch Stadium
717952.0,60.0,T-Mobile Park
717962.0,65.0,Citi Field
717965.0,73.0,Rogers Centre
717961.0,71.0,Wrigley Field
717959.0,73.0,Guaranteed Rate Field
717966.0,65.0,Fenway Park
717963.0,72.0,loanDepot park
717967.0,73.0,Oriole Park at Camden Yards
717958.0,60.0,Oakland Coliseum
717957.0,64.0,Dodger Stadium
717955.0,92.0,Chase Field
717972.0,60.0,Oracle Park
717956.0,73.0,Minute Maid Park
717964.0,86.0,Comerica Park
717944.0,69.0,Citi Field
717938.0,73.0,Minute Maid Park
717953.0,60.0,Oracle Park
717948.0,79.0,Fenway Park
717951.0,85.0,Comerica Park
717945.0,72.0,loanDepot park
717954.0,65.0,Dodger Stadium
717940.0,87.0,Chase Field
717939.0,60.0,T-Mobile Park
717943.0,84.0,Guaranteed Rate Field
717950.0,83.0,Wrigley Field
717947.0,75.0,Rogers Centre
717946.0,79.0,Oriole Park at Camden Yards
717949.0,61.0,Oakland Coliseum
717942.0,75.0,Rogers Centre
717932.0,85.0,Fenway Park
717934.0,82.0,Citi Field
717933.0,74.0,Chase Field
717937.0,85.0,Target Field
717936.0,73.0,Minute Maid Park
717941.0,72.0,loanDepot park
717929.0,73.0,Citi Field
717926.0,73.0,Minute Maid Park
717921.0,66.0,Petco Park
717930.0,90.0,PNC Park
717920.0,60.0,Oracle Park
717931.0,92.0,Great American Ball Park
717919.0,93.0,Chase Field
717922.0,74.0,Globe Life Field
717917.0,67.0,Dodger Stadium
717927.0,72.0,loanDepot park
717935.0,90.0,Nationals Park
717925.0,76.0,Guaranteed Rate Field
717924.0,83.0,Target Field
717923.0,84.0,Kauffman Stadium
717903.0,65.0,Petco Park
717916.0,62.0,Oracle Park
717910.0,65.0,Citi Field
717908.0,73.0,Minute Maid Park
717914.0,79.0,Nationals Park
717901.0,76.0,Chase Field
717915.0,79.0,Guaranteed Rate Field
717909.0,89.0,Kauffman Stadium
717918.0,52.0,Fenway Park
717913.0,88.0,Target Field
717906.0,91.0,Great American Ball Park
717911.0,72.0,loanDepot park
717885.0,48.0,Fenway Park
717905.0,72.0,Dodger Stadium
717912.0,72.0,Globe Life Field
717907.0,90.0,PNC Park
717892.0,77.0,Chase Field
717897.0,81.0,Great American Ball Park
717890.0,62.0,Oracle Park
717902.0,69.0,Nationals Park
717888.0,72.0,Dodger Stadium
717898.0,73.0,PNC Park
717893.0,88.0,Kauffman Stadium
717904.0,52.0,Fenway Park
717891.0,71.0,Guaranteed Rate Field
717899.0,73.0,Minute Maid Park
717900.0,64.0,Citi Field
717896.0,72.0,loanDepot park
717895.0,85.0,Target Field
717894.0,74.0,Globe Life Field
717889.0,66.0,Petco Park
717884.0,73.0,PNC Park
717880.0,63.0,Petco Park
717886.0,76.0,Citizens Bank Park
717878.0,68.0,Rogers Centre
717879.0,74.0,Globe Life Field
717883.0,80.0,Great American Ball Park
717928.0,58.0,Fenway Park
717887.0,72.0,loanDepot park
717873.0,68.0,Progressive Field
717874.0,76.0,PNC Park
717864.0,65.0,Petco Park
717882.0,72.0,Tropicana Field
717871.0,72.0,Rogers Centre
717872.0,74.0,Truist Park
717877.0,68.0,Yankee Stadium
717867.0,71.0,American Family Field
717868.0,74.0,Globe Life Field
717861.0,65.0,Angel Stadium
717870.0,81.0,Great American Ball Park
717875.0,75.0,Citizens Bank Park
717876.0,72.0,loanDepot park
717881.0,80.0,Nationals Park
717869.0,73.0,Coors Field
718691.0,48.0,T-Mobile Park
718702.0,41.0,Fenway Park
718699.0,48.0,Yankee Stadium
718695.0,67.0,Guaranteed Rate Field
718701.0,84.0,loanDepot park
718696.0,73.0,Minute Maid Park
718697.0,60.0,Busch Stadium
718692.0,52.0,Kauffman Stadium
718689.0,57.0,Oakland Coliseum
718704.0,83.0,Nationals Park
718698.0,66.0,American Family Field
718694.0,74.0,Globe Life Field
717850.0,86.0,Truist Park
717854.0,74.0,Globe Life Field
717855.0,68.0,Angel Stadium
717852.0,68.0,Coors Field
717866.0,77.0,Nationals Park
717851.0,70.0,American Family Field
717853.0,74.0,Great American Ball Park
717856.0,68.0,Rogers Centre
717859.0,72.0,Tropicana Field
717865.0,69.0,PNC Park
717858.0,65.0,Progressive Field
717863.0,66.0,Petco Park
717860.0,72.0,loanDepot park
717862.0,75.0,Citizens Bank Park
717838.0,71.0,Angel Stadium
717857.0,66.0,Yankee Stadium
717843.0,68.0,Rogers Centre
717848.0,67.0,Yankee Stadium
717844.0,71.0,Great American Ball Park
717849.0,70.0,American Family Field
717842.0,64.0,Progressive Field
717846.0,75.0,Coors Field
717845.0,72.0,Tropicana Field
717840.0,80.0,Truist Park
717836.0,70.0,PNC Park
717824.0,67.0,Angel Stadium
717837.0,73.0,Citizens Bank Park
717841.0,68.0,Yankee Stadium
717830.0,70.0,Coors Field
717832.0,82.0,Busch Stadium
717829.0,83.0,Truist Park
717828.0,71.0,Guaranteed Rate Field
717823.0,60.0,Oracle Park
717831.0,74.0,American Family Field
717834.0,76.0,Comerica Park
717839.0,73.0,Oriole Park at Camden Yards
717833.0,70.0,Progressive Field
717827.0,72.0,Tropicana Field
717835.0,70.0,Rogers Centre
717815.0,75.0,Progressive Field
717817.0,85.0,Busch Stadium
717811.0,82.0,Citizens Bank Park
717813.0,72.0,Tropicana Field
717809.0,64.0,Angel Stadium
717820.0,83.0,Guaranteed Rate Field
717814.0,81.0,American Family Field
717818.0,85.0,Oriole Park at Camden Yards
717812.0,81.0,PNC Park
717826.0,60.0,Oracle Park
717825.0,75.0,Yankee Stadium
717821.0,80.0,Comerica Park
717819.0,73.0,Coors Field
717822.0,70.0,Rogers Centre
717816.0,86.0,Truist Park
717803.0,81.0,PNC Park
717802.0,78.0,Progressive Field
717799.0,69.0,Angel Stadium
717805.0,68.0,Rogers Centre
717795.0,55.0,Guaranteed Rate Field
717807.0,73.0,Truist Park
717797.0,65.0,Busch Stadium
717810.0,76.0,Yankee Stadium
717801.0,72.0,Tropicana Field
717800.0,66.0,American Family Field
717804.0,67.0,Comerica Park
717798.0,66.0,Coors Field
717808.0,87.0,Oriole Park at Camden Yards
717806.0,86.0,Citizens Bank Park
717796.0,61.0,Oracle Park
717792.0,74.0,Globe Life Field
717790.0,64.0,Comerica Park
717794.0,73.0,Fenway Park
717789.0,63.0,Oakland Coliseum
717793.0,73.0,Kauffman Stadium
717786.0,76.0,T-Mobile Park
717791.0,73.0,Busch Stadium
717785.0,90.0,Chase Field
717776.0,65.0,Dodger Stadium
717779.0,77.0,Citi Field
717781.0,80.0,Busch Stadium
717775.0,74.0,Chase Field
717778.0,73.0,Minute Maid Park
717783.0,84.0,Target Field
717787.0,79.0,Oriole Park at Camden Yards
717782.0,61.0,Wrigley Field
717777.0,77.0,Kauffman Stadium
717780.0,74.0,Globe Life Field
717773.0,64.0,T-Mobile Park
717772.0,65.0,Petco Park
717788.0,69.0,Fenway Park
717774.0,62.0,Oakland Coliseum
717766.0,70.0,Citi Field
717757.0,78.0,Chase Field
717764.0,82.0,Kauffman Stadium
717759.0,63.0,T-Mobile Park
717769.0,77.0,Oriole Park at Camden Yards
717767.0,84.0,Busch Stadium
717760.0,65.0,Dodger Stadium
717765.0,74.0,Globe Life Field
717758.0,66.0,Petco Park
717762.0,73.0,Minute Maid Park
717761.0,62.0,Oakland Coliseum
717770.0,66.0,Comerica Park
717784.0,73.0,Comerica Park
717771.0,83.0,Target Field
717768.0,64.0,Fenway Park
717763.0,64.0,Wrigley Field
717751.0,74.0,Globe Life Field
717756.0,68.0,Oakland Coliseum
717755.0,78.0,Chase Field
717748.0,65.0,Dodger Stadium
717747.0,55.0,Wrigley Field
717754.0,81.0,Truist Park
717746.0,73.0,Minute Maid Park
717753.0,79.0,Oriole Park at Camden Yards
717752.0,71.0,Target Field
717750.0,68.0,Petco Park
717736.0,87.0,Kauffman Stadium
717733.0,58.0,T-Mobile Park
717735.0,65.0,Oakland Coliseum
717738.0,77.0,Target Field
717740.0,64.0,American Family Field
717739.0,78.0,Chase Field
717741.0,74.0,Globe Life Field
717732.0,68.0,Petco Park
717745.0,85.0,Truist Park
717749.0,79.0,Nationals Park
717737.0,73.0,Minute Maid Park
717743.0,66.0,Citi Field
717731.0,69.0,Dodger Stadium
717744.0,57.0,Wrigley Field
717742.0,73.0,Fenway Park
718686.0,51.0,Kauffman Stadium
718682.0,51.0,Coors Field
718681.0,81.0,Truist Park
718683.0,75.0,Chase Field
718687.0,46.0,Guaranteed Rate Field
718690.0,47.0,Comerica Park
717728.0,81.0,Target Field
717722.0,53.0,T-Mobile Park
717717.0,70.0,Petco Park
717727.0,73.0,Minute Maid Park
717726.0,86.0,Kauffman Stadium
717719.0,78.0,Chase Field
717720.0,77.0,American Family Field
717718.0,78.0,Citi Field
717729.0,69.0,Wrigley Field
717724.0,89.0,Truist Park
717721.0,72.0,Dodger Stadium
717734.0,79.0,Nationals Park
717723.0,74.0,Globe Life Field
717725.0,66.0,Oakland Coliseum
717704.0,58.0,T-Mobile Park
717705.0,68.0,Oakland Coliseum
717706.0,78.0,Chase Field
717702.0,73.0,Dodger Stadium
717710.0,73.0,American Family Field
717715.0,65.0,Fenway Park
717714.0,81.0,Nationals Park
717711.0,72.0,Target Field
717716.0,84.0,Truist Park
717707.0,73.0,Minute Maid Park
717712.0,66.0,Kauffman Stadium
717708.0,76.0,Wrigley Field
717703.0,68.0,Petco Park
717730.0,64.0,Fenway Park
717713.0,78.0,Citi Field
717709.0,74.0,Globe Life Field
717693.0,89.0,Target Field
717699.0,86.0,Nationals Park
717692.0,82.0,Comerica Park
717700.0,72.0,loanDepot park
717694.0,73.0,Minute Maid Park
717698.0,85.0,PNC Park
717697.0,61.0,Oracle Park
717695.0,77.0,Guaranteed Rate Field
717696.0,79.0,American Family Field
717701.0,71.0,Great American Ball Park
717684.0,72.0,Yankee Stadium
717689.0,75.0,Citizens Bank Park
717678.0,72.0,Angel Stadium
717675.0,72.0,Guaranteed Rate Field
717686.0,77.0,PNC Park
717679.0,80.0,Progressive Field
717691.0,75.0,Nationals Park
717683.0,89.0,Target Field
717682.0,73.0,Minute Maid Park
717681.0,84.0,Comerica Park
717687.0,72.0,Tropicana Field
717688.0,61.0,Oracle Park
717690.0,72.0,loanDepot park
717680.0,74.0,American Family Field
717685.0,70.0,Great American Ball Park
717673.0,64.0,Nationals Park
717666.0,69.0,Yankee Stadium
717674.0,59.0,Oracle Park
717662.0,76.0,Angel Stadium
717676.0,72.0,loanDepot park
717667.0,74.0,Guaranteed Rate Field
717668.0,82.0,Comerica Park
717671.0,77.0,PNC Park
717677.0,72.0,Tropicana Field
717665.0,90.0,Target Field
717672.0,78.0,American Family Field
717663.0,76.0,Progressive Field
717669.0,75.0,Great American Ball Park
717670.0,73.0,Minute Maid Park
717658.0,86.0,Target Field
717654.0,72.0,loanDepot park
717660.0,71.0,Progressive Field
717657.0,65.0,Citizens Bank Park
717661.0,61.0,Oracle Park
717652.0,69.0,Yankee Stadium
717847.0,65.0,Nationals Park
717659.0,72.0,Tropicana Field
717645.0,75.0,Guaranteed Rate Field
717656.0,72.0,Citizens Bank Park
717644.0,82.0,Coors Field
717649.0,72.0,Tropicana Field
717641.0,60.0,Oracle Park
717653.0,72.0,loanDepot park
717647.0,68.0,Comerica Park
717646.0,68.0,Rogers Centre
717651.0,73.0,Oriole Park at Camden Yards
717643.0,68.0,Dodger Stadium
717655.0,69.0,Yankee Stadium
717642.0,66.0,Petco Park
717650.0,77.0,Great American Ball Park
717648.0,68.0,Progressive Field
717635.0,78.0,Citizens Bank Park
717629.0,82.0,Guaranteed Rate Field
717625.0,74.0,Progressive Field
717633.0,84.0,Comerica Park
717626.0,76.0,Dodger Stadium
717638.0,68.0,Petco Park
717640.0,86.0,Coors Field
717634.0,68.0,Rogers Centre
717632.0,72.0,Tropicana Field
717636.0,76.0,Yankee Stadium
717628.0,82.0,Oriole Park at Camden Yards
717630.0,72.0,loanDepot park
717637.0,81.0,London Stadium
717631.0,86.0,Great American Ball Park
717639.0,62.0,Oracle Park
717622.0,79.0,Yankee Stadium
717624.0,88.0,Citizens Bank Park
717610.0,70.0,Petco Park
717618.0,79.0,Great American Ball Park
717627.0,85.0,Oriole Park at Camden Yards
717617.0,77.0,Rogers Centre
717613.0,86.0,Progressive Field
717615.0,74.0,Dodger Stadium
717620.0,72.0,loanDepot park
717614.0,86.0,Guaranteed Rate Field
717619.0,72.0,Tropicana Field
717612.0,59.0,Oracle Park
717621.0,82.0,Comerica Park
717616.0,73.0,Coors Field
717623.0,87.0,London Stadium
717608.0,74.0,Angel Stadium
717602.0,73.0,T-Mobile Park
717609.0,88.0,Truist Park
717606.0,74.0,Globe Life Field
717607.0,74.0,Citi Field
717611.0,79.0,Oriole Park at Camden Yards
718670.0,64.0,Angel Stadium
718671.0,77.0,Chase Field
718677.0,41.0,Progressive Field
718676.0,66.0,Truist Park
718684.0,47.0,Target Field
718673.0,64.0,Coors Field
718680.0,57.0,Oracle Park
718674.0,64.0,American Family Field
718685.0,57.0,Citizens Bank Park
718675.0,43.0,Wrigley Field
718693.0,56.0,Citi Field
718688.0,55.0,Oriole Park at Camden Yards
718678.0,72.0,Tropicana Field
718679.0,53.0,PNC Park
717597.0,76.0,Citi Field
717604.0,73.0,Rogers Centre
717601.0,73.0,Oriole Park at Camden Yards
717596.0,66.0,Wrigley Field
717592.0,73.0,Angel Stadium
717603.0,68.0,PNC Park
717600.0,86.0,Truist Park
717593.0,78.0,Chase Field
717591.0,87.0,Kauffman Stadium
717605.0,76.0,Fenway Park
717598.0,87.0,Busch Stadium
717594.0,90.0,Coors Field
717590.0,73.0,T-Mobile Park
717595.0,58.0,Oakland Coliseum
717599.0,74.0,Globe Life Field
717585.0,73.0,PNC Park
717581.0,78.0,Citi Field
717587.0,72.0,T-Mobile Park
717580.0,74.0,Globe Life Field
717578.0,84.0,Coors Field
717579.0,59.0,Oakland Coliseum
717577.0,96.0,Kauffman Stadium
717576.0,71.0,Angel Stadium
717584.0,74.0,Wrigley Field
717589.0,79.0,Oriole Park at Camden Yards
717586.0,68.0,Rogers Centre
717582.0,91.0,Busch Stadium
717575.0,78.0,Chase Field
717588.0,85.0,Truist Park
717583.0,77.0,Fenway Park
717560.0,75.0,Angel Stadium
717564.0,74.0,Rogers Centre
717565.0,77.0,Citi Field
717569.0,77.0,Fenway Park
717566.0,85.0,Busch Stadium
717567.0,76.0,Wrigley Field
717574.0,69.0,Oakland Coliseum
717571.0,78.0,PNC Park
717570.0,74.0,Globe Life Field
717572.0,68.0,Coors Field
717568.0,74.0,Chase Field
717573.0,87.0,Kauffman Stadium
717549.0,76.0,Angel Stadium
717555.0,68.0,Rogers Centre
717562.0,83.0,PNC Park
717561.0,73.0,Oriole Park at Camden Yards
717551.0,71.0,Oakland Coliseum
717563.0,85.0,Citizens Bank Park
717558.0,76.0,Truist Park
717554.0,74.0,Globe Life Field
717559.0,86.0,Wrigley Field
717553.0,97.0,Kauffman Stadium
717552.0,66.0,Coors Field
717557.0,89.0,Great American Ball Park
717556.0,77.0,Citi Field
717548.0,75.0,T-Mobile Park
717537.0,75.0,Kauffman Stadium
717536.0,95.0,Truist Park
717534.0,76.0,T-Mobile Park
717535.0,80.0,Citi Field
717540.0,80.0,PNC Park
717542.0,74.0,Globe Life Field
717545.0,90.0,Busch Stadium
717546.0,73.0,Wrigley Field
717541.0,81.0,Oriole Park at Camden Yards
717533.0,69.0,Angel Stadium
717539.0,79.0,Great American Ball Park
717538.0,81.0,Oakland Coliseum
717547.0,80.0,Rogers Centre
717543.0,86.0,Citizens Bank Park
717550.0,76.0,Busch Stadium
717544.0,79.0,Coors Field
717532.0,89.0,Truist Park
717527.0,82.0,Kauffman Stadium
717531.0,73.0,PNC Park
717526.0,82.0,Great American Ball Park
717522.0,80.0,Angel Stadium
717530.0,68.0,Rogers Centre
717524.0,83.0,Busch Stadium
717518.0,79.0,Oakland Coliseum
717523.0,86.0,Coors Field
717519.0,71.0,T-Mobile Park
717521.0,65.0,Wrigley Field
717528.0,87.0,Citizens Bank Park
717529.0,84.0,Oriole Park at Camden Yards
717520.0,74.0,Globe Life Field
717525.0,75.0,Citi Field
717506.0,70.0,Dodger Stadium
717505.0,68.0,Petco Park
717516.0,60.0,Oracle Park
717515.0,72.0,loanDepot park
717510.0,92.0,Target Field
717511.0,83.0,American Family Field
717512.0,78.0,Progressive Field
717517.0,86.0,Nationals Park
717514.0,74.0,Globe Life Field
717513.0,84.0,Yankee Stadium
717509.0,69.0,Oracle Park
717508.0,75.0,Yankee Stadium
717499.0,72.0,Tropicana Field
717498.0,78.0,Chase Field
717497.0,71.0,Petco Park
717495.0,82.0,Progressive Field
717504.0,73.0,Minute Maid Park
717496.0,84.0,Guaranteed Rate Field
717503.0,86.0,American Family Field
717502.0,72.0,loanDepot park
717507.0,83.0,Nationals Park
717494.0,86.0,Comerica Park
717501.0,73.0,Fenway Park
717500.0,79.0,Target Field
717492.0,73.0,Dodger Stadium
717484.0,80.0,Fenway Park
717477.0,78.0,Chase Field
717483.0,81.0,American Family Field
717487.0,86.0,Yankee Stadium
717489.0,72.0,Minute Maid Park
717493.0,86.0,Nationals Park
717491.0,72.0,Tropicana Field
717479.0,69.0,Dodger Stadium
717482.0,75.0,Target Field
717486.0,84.0,Progressive Field
717478.0,68.0,Petco Park
717490.0,62.0,Oracle Park
717485.0,89.0,Comerica Park
717488.0,72.0,loanDepot park
717473.0,72.0,loanDepot park
717476.0,80.0,Comerica Park
717474.0,76.0,American Family Field
717468.0,73.0,Guaranteed Rate Field
717467.0,73.0,Minute Maid Park
717462.0,69.0,Dodger Stadium
717471.0,88.0,Fenway Park
717470.0,78.0,Chase Field
717475.0,85.0,Yankee Stadium
717469.0,77.0,Progressive Field
717480.0,71.0,Guaranteed Rate Field
717472.0,72.0,Tropicana Field
717481.0,88.0,Nationals Park
